"source host","dest host","average packet loss",Count
"perfsonar01.hep.wisc.edu","repos.indiacms.res.in","0.527",1
"perfsonar01.hep.wisc.edu","psonar4.fnal.gov","0.523",1
"perfsonar01.hep.wisc.edu","psl01.pic.es","0.415",1
"perfsonar01.hep.wisc.edu","perfsonar-ow.cnaf.infn.it","0.388",2
"perfsonar01.hep.wisc.edu","t2-pfsn2.jinr.ru","0.361",2
"perfsonar01.hep.wisc.edu","perfsonar-cms1.itns.purdue.edu","0.34",1
"perfsonar01.hep.wisc.edu","perfsonar2.ultralight.org","0.335",1
"perfsonar01.hep.wisc.edu","pship01.csc.fi","0.335",1
"perfsonar01.hep.wisc.edu","perfsonar-2.t2.ucsd.edu","0.329",2
"perfsonar01.hep.wisc.edu","llrpsonar1.in2p3.fr","0.327",1
"perfsonar01.hep.wisc.edu","ps1.kipt.kharkov.ua","0.325",1
"perfsonar01.hep.wisc.edu","perfsonar2.nipne.ro","0.313",2
"perfsonar01.hep.wisc.edu","psum02.itep.ru","0.305",1
"perfsonar01.hep.wisc.edu","perfsonar01.datagrid.cea.fr","0.303",1
"perfsonar01.hep.wisc.edu","ps-01.lnl.infn.it","0.289",2
"perfsonar01.hep.wisc.edu","psl01-gva.cern.ch","0.288",2
"perfsonar01.hep.wisc.edu","perfsonar-owamp.accre.vanderbilt.edu","0.276",3
"perfsonar01.hep.wisc.edu","perfsonar-ps-01.desy.de","0.272",2
"perfsonar01.hep.wisc.edu","hcc-ps01.unl.edu","0.272",2
"perfsonar01.hep.wisc.edu","psonar1.lal.in2p3.fr","0.271",3
"perfsonar01.hep.wisc.edu","ps0002.m45.ihep.su","0.23",2
"perfsonar01.hep.wisc.edu","t1-pfsn2.jinr-t1.ru","0.21",3
"perfsonar01.hep.wisc.edu","heplnx129.pp.rl.ac.uk","0.002",1
"perfsonar01.hep.wisc.edu","perfsonar-lt.sprace.org.br","0.002",1
"psl01-gva.cern.ch","perfsonar40-otc.hnsc.otc-service.com","0.179",14
"psl01-gva.cern.ch","2001:4118:900:cc00::112","0.031",10
"psl01-gva.cern.ch","perfsonar02-iep-grid.saske.sk","0.019",9
"psl01-gva.cern.ch","ps-gsdc01.sdfarm.kr","0.003",1
"psl01-gva.cern.ch","2001:630:58:1c20::82f6:2ff2","0.002",2
"psl01-gva.cern.ch","gridpp-ps-lat.ecdf.ed.ac.uk","0.002",1
"psl01-gva.cern.ch","perfmon.dur.scotgrid.ac.uk","0.002",1
"psl01-gva.cern.ch","perfsonar-ps.ndgf.org","0.002",3
"psl01-gva.cern.ch","perfsonar01.cmsaf.mit.edu","0.002",1
"psl01-gva.cern.ch","perfsonar01.datagrid.cea.fr","0.002",1
"psl01-gva.cern.ch","psl01.pic.es","0.002",1
"psl01-gva.cern.ch","tech-ps.hep.technion.ac.il","0.002",1
"perfsonar02-iep-grid.saske.sk","perfsonar2.roma1.infn.it","0.045",1
"perfsonar02-iep-grid.saske.sk","perfsonar2-grid.uaic.ro","0.04",18
"perfsonar02-iep-grid.saske.sk","perfsonar01.ft.uam.es","0.04",9
"perfsonar02-iep-grid.saske.sk","btw-lat.t1.grid.kiae.ru","0.035",28
"perfsonar02-iep-grid.saske.sk","lcgps01.gridpp.rl.ac.uk","0.032",19
"perfsonar02-iep-grid.saske.sk","lhcperfmon.bnl.gov","0.031",28
"perfsonar02-iep-grid.saske.sk","perfsonar01.datagrid.cea.fr","0.031",19
"perfsonar02-iep-grid.saske.sk","heplnx129.pp.rl.ac.uk","0.03",18
"perfsonar02-iep-grid.saske.sk","lat-utoronto.scinet.utoronto.ca","0.029",20
"perfsonar02-iep-grid.saske.sk","llrpsonar1.in2p3.fr","0.027",19
"perfsonar02-iep-grid.saske.sk","psum01.aglt2.org","0.027",17
"perfsonar-latency.grid.pub.ro","2001:4118:900:cc00::112","0.039",4
"perfsonar-latency.grid.pub.ro","perfsonar02-iep-grid.saske.sk","0.035",13
"perfsonar-latency.grid.pub.ro","gridpp-ps-lat.ecdf.ed.ac.uk","0.002",2
"perfsonar-latency.grid.pub.ro","heplnx129.pp.rl.ac.uk","0.002",2
"perfsonar-latency.grid.pub.ro","lat-utoronto.scinet.utoronto.ca","0.002",1
"perfsonar-latency.grid.surfsara.nl","sampaps01.if.usp.br","0.046",12
"perfsonar-latency.grid.surfsara.nl","2001:4118:900:cc00::112","0.035",12
"perfsonar-latency.grid.surfsara.nl","perfsonar02-iep-grid.saske.sk","0.021",11
"perfsonar-latency.grid.surfsara.nl","perfmon.dur.scotgrid.ac.uk","0.003",2
"perfsonar-latency.grid.surfsara.nl","ps-01.lnl.infn.it","0.002",1
"perfsonar-latency.grid.surfsara.nl","psl.hpc.utfsm.cl","0.002",3
"perfsonar-latency.grid.surfsara.nl","psl01.pic.es","0.002",2
"perfsonar-latency.grid.surfsara.nl","psonar.cis.gov.pl","0.002",2
"psum01.aglt2.org","2001:4118:900:cc00::112","0.035",5
"psum01.aglt2.org","perfsonar02-iep-grid.saske.sk","0.031",13
"psum01.aglt2.org","gridpp-ps-lat.ecdf.ed.ac.uk","0.002",1
"psum01.aglt2.org","lat-utoronto.scinet.utoronto.ca","0.002",2
"psum01.aglt2.org","psl01.pic.es","0.002",1
"ps-gsdc01.sdfarm.kr","2001:4118:900:cc00::112","0.034",7
"ps-gsdc01.sdfarm.kr","perfsonar02-iep-grid.saske.sk","0.034",10
"ps-gsdc01.sdfarm.kr","hepsonar2.ph.liv.ac.uk","0.002",1
"ps-gsdc01.sdfarm.kr","iut2-net1.iu.edu","0.002",1
"ps-gsdc01.sdfarm.kr","psl01.pic.es","0.002",2
"ps-gsdc01.sdfarm.kr","tech-ps.hep.technion.ac.il","0.002",1
"perfsonar-ow.cnaf.infn.it","perfsonar40-otc.hnsc.otc-service.com","0.078",6
"perfsonar-ow.cnaf.infn.it","perfmon.dur.scotgrid.ac.uk","0.002",3
"perfsonar-ow.cnaf.infn.it","btw-lat.grid.kiae.ru","0.002",1
"perfsonar-ow.cnaf.infn.it","ccperfsonar2.in2p3.fr","0.002",1
"perfsonar-ow.cnaf.infn.it","perfsonar-owamp.accre.vanderbilt.edu","0.002",1
"perfsonar-ow.cnaf.infn.it","perfsonar01.hep.wisc.edu","0.002",2
"perfsonar-ow.cnaf.infn.it","ps-gsdc01.sdfarm.kr","0.002",2
"perfsonar-ow.cnaf.infn.it","psl01.pic.es","0.002",1
"perfsonar-ow.cnaf.infn.it","tau.ijs.si","0.002",2
"sonar2.itim-cj.ro","perfsonar02-iep-grid.saske.sk","0.033",15
"sonar2.itim-cj.ro","2001:4118:900:cc00::112","0.031",10
"sonar2.itim-cj.ro","perfsonar2-de-kit.gridka.de","0.003",1
"sonar2.itim-cj.ro","gridpp-ps-lat.ecdf.ed.ac.uk","0.002",1
"sonar2.itim-cj.ro","heplnx129.pp.rl.ac.uk","0.002",4
"sonar2.itim-cj.ro","uct2-net1.mwt2.org","0.002",1
"perfsonar2.ultralight.org","perfsonar02-iep-grid.saske.sk","0.027",17
"perfsonar2.ultralight.org","2001:4118:900:cc00::112","0.02",5
"perfsonar2.ultralight.org","perfsonar-lt.sprace.org.br","0.002",1
"perfsonar2-grid.uaic.ro","perfsonar02-iep-grid.saske.sk","0.03",20
"perfsonar2-grid.uaic.ro","2001:4118:900:cc00::112","0.028",9
"perfsonar2-grid.uaic.ro","ccperfsonar2.in2p3.fr","0.002",1
"perfsonar2-grid.uaic.ro","gridpp-ps-lat.ecdf.ed.ac.uk","0.002",1
"perfsonar2-grid.uaic.ro","lat-utoronto.scinet.utoronto.ca","0.002",2
"perfsonar2-grid.uaic.ro","perfsonar2-de-kit.gridka.de","0.002",1
"perfsonar2-grid.uaic.ro","psl01.pic.es","0.002",2
"psmsu01.aglt2.org","perfsonar02-iep-grid.saske.sk","0.035",15
"psmsu01.aglt2.org","lcgps01.gridpp.rl.ac.uk","0.002",3
"psmsu01.aglt2.org","psl01.pic.es","0.002",3
"psmsu01.aglt2.org","heplnx129.pp.rl.ac.uk","0.002",1
"psmsu01.aglt2.org","pygrid-sonar2.lancs.ac.uk","0.002",1
"llrpsonar1.in2p3.fr","2001:4118:900:cc00::112","0.039",5
"llrpsonar1.in2p3.fr","perfsonar02-iep-grid.saske.sk","0.035",10
"llrpsonar1.in2p3.fr","perfmon.dur.scotgrid.ac.uk","0.003",2
"llrpsonar1.in2p3.fr","psonar.cis.gov.pl","0.003",2
"llrpsonar1.in2p3.fr","ccperfsonar2.in2p3.fr","0.002",2
"llrpsonar1.in2p3.fr","gridpp-ps-lat.ecdf.ed.ac.uk","0.002",1
"llrpsonar1.in2p3.fr","heplnx129.pp.rl.ac.uk","0.002",1
"llrpsonar1.in2p3.fr","perfsonar01.hep.wisc.edu","0.002",1
"llrpsonar1.in2p3.fr","psl01.pic.es","0.002",1
"ps-latency.lhcmon.triumf.ca","2001:4118:900:cc00::112","0.03",9
"ps-latency.lhcmon.triumf.ca","perfsonar02-iep-grid.saske.sk","0.024",19
"ps-latency.lhcmon.triumf.ca","ps-gsdc01.sdfarm.kr","0.003",1
"ps-latency.lhcmon.triumf.ca","heplnx129.pp.rl.ac.uk","0.002",1
"ps-latency.lhcmon.triumf.ca","perfsonar01.datagrid.cea.fr","0.002",1
"ps-latency.lhcmon.triumf.ca","psl01.pic.es","0.002",1
"mwt2-ps01.campuscluster.illinois.edu","2001:4118:900:cc00::112","0.031",11
"mwt2-ps01.campuscluster.illinois.edu","perfsonar02-iep-grid.saske.sk","0.029",18
"mwt2-ps01.campuscluster.illinois.edu","psmsu05.aglt2.org","0.004",8
"mwt2-ps01.campuscluster.illinois.edu","btw-lat.grid.kiae.ru","0.002",1
"mwt2-ps01.campuscluster.illinois.edu","gridpp-ps-lat.ecdf.ed.ac.uk","0.002",2
"mwt2-ps01.campuscluster.illinois.edu","heplnx129.pp.rl.ac.uk","0.002",1
"mwt2-ps01.campuscluster.illinois.edu","psl.hpc.utfsm.cl","0.002",3
"mwt2-ps01.campuscluster.illinois.edu","psl01.pic.es","0.002",1
"perfsonar01.datagrid.cea.fr","2001:4118:900:cc00::112","0.029",6
"perfsonar01.datagrid.cea.fr","perfsonar02-iep-grid.saske.sk","0.026",7
"perfsonar01.datagrid.cea.fr","psonar.cis.gov.pl","0.003",1
"perfsonar01.datagrid.cea.fr","ccperfsonar2.in2p3.fr","0.002",1
"perfsonar01.datagrid.cea.fr","perfmon.dur.scotgrid.ac.uk","0.002",2
"perfsonar01.datagrid.cea.fr","perfsonar01.hep.wisc.edu","0.002",1
"perfsonar01.datagrid.cea.fr","psl01.pic.es","0.002",1
"marperf02.in2p3.fr","2001:4118:900:cc00::112","0.038",9
"marperf02.in2p3.fr","perfsonar02-iep-grid.saske.sk","0.031",13
"marperf02.in2p3.fr","lhc-latency.twgrid.org","0.012",1
"marperf02.in2p3.fr","psonar.cis.gov.pl","0.003",2
"marperf02.in2p3.fr","btw-lat.grid.kiae.ru","0.002",1
"marperf02.in2p3.fr","ccperfsonar2.in2p3.fr","0.002",2
"marperf02.in2p3.fr","gridpp-ps-lat.ecdf.ed.ac.uk","0.002",2
"marperf02.in2p3.fr","heplnx129.pp.rl.ac.uk","0.002",1
"marperf02.in2p3.fr","perfmon.dur.scotgrid.ac.uk","0.002",3
"marperf02.in2p3.fr","perfsonar-ow.cnaf.infn.it","0.002",1
"marperf02.in2p3.fr","psl.hpc.utfsm.cl","0.002",1
"marperf02.in2p3.fr","psl01-gva.cern.ch","0.002",1
"marperf02.in2p3.fr","psum01.aglt2.org","0.002",1
"marperf02.in2p3.fr","sbgperfps1.in2p3.fr","0.002",1
"marperf02.in2p3.fr","sonar2.itim-cj.ro","0.002",1
"marperf02.in2p3.fr","tech-ps.hep.technion.ac.il","0.002",1
"ps-latency.hepnetcanada.ca","2001:4118:900:cc00::112","0.028",14
"ps-latency.hepnetcanada.ca","perfsonar02-iep-grid.saske.sk","0.028",16
"ps-latency.hepnetcanada.ca","perfsonar2-de-kit.gridka.de","0.003",2
"ps-latency.hepnetcanada.ca","btw-lat.t1.grid.kiae.ru","0.002",1
"ps-latency.hepnetcanada.ca","heplnx129.pp.rl.ac.uk","0.002",1
"ps-latency.hepnetcanada.ca","iut2-net1.iu.edu","0.002",1
"ps-latency.hepnetcanada.ca","perfsonar-de-kit.gridka.de","0.002",3
"ps-latency.hepnetcanada.ca","psl.hpc.utfsm.cl","0.002",1
"ps-latency.hepnetcanada.ca","psl01.pic.es","0.002",2
"ps-latency.hepnetcanada.ca","tau.ijs.si","0.002",3
"perfsonar-ps.ndgf.org","perfsonar02-iep-grid.saske.sk","0.023",18
"perfsonar-ps.ndgf.org","2001:4118:900:cc00::112","0.022",14
"perfsonar-ps.ndgf.org","ps-gsdc01.sdfarm.kr","0.003",2
"perfsonar-ps.ndgf.org","heplnx129.pp.rl.ac.uk","0.002",1
"perfsonar-ps.ndgf.org","psl.hpc.utfsm.cl","0.002",2
"perfsonar-ps.ndgf.org","psl01.pic.es","0.002",3
"perfsonar2.nipne.ro","perfsonar02-iep-grid.saske.sk","0.03",7
"perfsonar2.nipne.ro","2001:4118:900:cc00::112","0.029",6
"perfsonar2.nipne.ro","btw-lat.grid.kiae.ru","0.005",1
"perfsonar2.nipne.ro","perfmon.dur.scotgrid.ac.uk","0.003",3
"perfsonar2.nipne.ro","perfsonar01.hep.wisc.edu","0.002",1
"perfsonar2.nipne.ro","psl01.pic.es","0.002",3
"perfsonar2.nipne.ro","psonar.cis.gov.pl","0.002",1
"psonar1.lal.in2p3.fr","perfsonar02-iep-grid.saske.sk","0.029",21
"psonar1.lal.in2p3.fr","2001:4118:900:cc00::112","0.027",5
"psonar1.lal.in2p3.fr","perfsonar01.hep.wisc.edu","0.003",1
"psonar1.lal.in2p3.fr","psl01.pic.es","0.003",2
"psonar1.lal.in2p3.fr","ccperfsonar2.in2p3.fr","0.002",2
"psonar1.lal.in2p3.fr","heplnx129.pp.rl.ac.uk","0.002",2
"psonar1.lal.in2p3.fr","perflat.ciemat.es","0.002",4
"psonar1.lal.in2p3.fr","perfmon.dur.scotgrid.ac.uk","0.002",1
"psonar1.lal.in2p3.fr","perfsonar1.hep.kbfi.ee","0.002",2
"psonar1.lal.in2p3.fr","psl.hpc.utfsm.cl","0.002",1
"psonar1.lal.in2p3.fr","psonar.cis.gov.pl","0.002",1
"psonar1.lal.in2p3.fr","pygrid-sonar2.lancs.ac.uk","0.002",1
"hepsonar2.ph.liv.ac.uk","2001:4118:900:cc00::112","0.033",8
"hepsonar2.ph.liv.ac.uk","perfsonar02-iep-grid.saske.sk","0.029",13
"hepsonar2.ph.liv.ac.uk","lcgps01.gridpp.rl.ac.uk","0.003",7
"hepsonar2.ph.liv.ac.uk","ccperfsonar2.in2p3.fr","0.003",2
"hepsonar2.ph.liv.ac.uk","perfmon.dur.scotgrid.ac.uk","0.003",4
"hepsonar2.ph.liv.ac.uk","heplnx129.pp.rl.ac.uk","0.002",1
"hepsonar2.ph.liv.ac.uk","perfsonar2-de-kit.gridka.de","0.002",1
"hepsonar2.ph.liv.ac.uk","psl.hpc.utfsm.cl","0.002",1
"hepsonar2.ph.liv.ac.uk","sampaps01.if.usp.br","0.002",1
"lcg-lat.sfu.computecanada.ca","perfsonar02-iep-grid.saske.sk","0.032",16
"lcg-lat.sfu.computecanada.ca","lcgps01.gridpp.rl.ac.uk","0.003",4
"lcg-lat.sfu.computecanada.ca","psmsu01.aglt2.org","0.002",6
"lcg-lat.sfu.computecanada.ca","ccperfsonar2.in2p3.fr","0.002",1
"lcg-lat.sfu.computecanada.ca","heplnx129.pp.rl.ac.uk","0.002",2
"lcg-lat.sfu.computecanada.ca","iut2-net1.iu.edu","0.002",1
"lcg-lat.sfu.computecanada.ca","psl01.pic.es","0.002",1
"lcg-lat.sfu.computecanada.ca","pygrid-sonar2.lancs.ac.uk","0.002",1
"perfsonar2-de-kit.gridka.de","perfsonar40-otc.hnsc.otc-service.com","0.072",3
"perfsonar2-de-kit.gridka.de","2001:4118:900:cc00::112","0.026",10
"perfsonar2-de-kit.gridka.de","perfsonar02-iep-grid.saske.sk","0.024",16
"perfsonar2-de-kit.gridka.de","perfsonar-ps.ndgf.org","0.003",1
"perfsonar2-de-kit.gridka.de","ps-gsdc01.sdfarm.kr","0.003",1
"perfsonar2-de-kit.gridka.de","psl.hpc.utfsm.cl","0.003",3
"perfsonar2-de-kit.gridka.de","lpnhe-psl.in2p3.fr","0.003",2
"perfsonar2-de-kit.gridka.de","tech-ps.hep.technion.ac.il","0.003",2
"perfsonar2-de-kit.gridka.de","t2ps-latency.physics.ox.ac.uk","0.002",3
"perfsonar2-de-kit.gridka.de","btw-lat.grid.kiae.ru","0.002",1
"perfsonar2-de-kit.gridka.de","ccperfsonar2.in2p3.fr","0.002",1
"perfsonar2-de-kit.gridka.de","gridpp-ps-lat.ecdf.ed.ac.uk","0.002",1
"perfsonar2-de-kit.gridka.de","heplnx129.pp.rl.ac.uk","0.002",1
"perfsonar2-de-kit.gridka.de","lat-utoronto.scinet.utoronto.ca","0.002",1
"perfsonar2-de-kit.gridka.de","perfsonar-latency.grid.pub.ro","0.002",1
"perfsonar2-de-kit.gridka.de","perfsonar2.nipne.ro","0.002",2
"perfsonar2-de-kit.gridka.de","ps-latency.atlas.unimelb.edu.au","0.002",1
"perfsonar2-de-kit.gridka.de","psific01.ific.uv.es","0.002",1
"perfsonar2-de-kit.gridka.de","psl01.pic.es","0.002",1
"perfsonar2-de-kit.gridka.de","pygrid-sonar2.lancs.ac.uk","0.002",2
"perfsonar2-de-kit.gridka.de","sonar2.itim-cj.ro","0.002",1
"perfsonar2-de-kit.gridka.de","tau.ijs.si","0.002",1
"lcgps01.gridpp.rl.ac.uk","2001:4118:900:cc00::112","0.046",9
"lcgps01.gridpp.rl.ac.uk","perfsonar02-iep-grid.saske.sk","0.038",25
"lcgps01.gridpp.rl.ac.uk","t2-pfsn2.jinr.ru","0.018",12
"lcgps01.gridpp.rl.ac.uk","ps-01.lnl.infn.it","0.018",14
"lcgps01.gridpp.rl.ac.uk","ps-londhx1.ja.net","0.018",13
"lcgps01.gridpp.rl.ac.uk","perfsonar2.nipne.ro","0.017",12
"lcgps01.gridpp.rl.ac.uk","psific01.ific.uv.es","0.017",12
"lcgps01.gridpp.rl.ac.uk","sampaps01.if.usp.br","0.017",12
"lcgps01.gridpp.rl.ac.uk","perfsonar-2.t2.ucsd.edu","0.017",11
"lcgps01.gridpp.rl.ac.uk","psbud01.kfki.hu","0.017",12
"lcgps01.gridpp.rl.ac.uk","perfsonar-ps-01.desy.de","0.017",11
"lcgps01.gridpp.rl.ac.uk","ps0002.m45.ihep.su","0.016",11
"lcgps01.gridpp.rl.ac.uk","sonar2.itim-cj.ro","0.016",12
"lcgps01.gridpp.rl.ac.uk","grid-perfsonar.hpc.susx.ac.uk","0.016",12
"lcgps01.gridpp.rl.ac.uk","psum02.itep.ru","0.016",14
"lcgps01.gridpp.rl.ac.uk","perfsonar01.lcg.cscs.ch","0.016",12
"lcgps01.gridpp.rl.ac.uk","ps1.kipt.kharkov.ua","0.016",13
"lcgps01.gridpp.rl.ac.uk","psl.hpc.utfsm.cl","0.016",13
"lcgps01.gridpp.rl.ac.uk","serv04.hep.phy.cam.ac.uk","0.016",13
"lcgps01.gridpp.rl.ac.uk","perfsonar01.hep.wisc.edu","0.015",11
"lcgps01.gridpp.rl.ac.uk","perfsonar01.datagrid.cea.fr","0.015",13
"lcgps01.gridpp.rl.ac.uk","psum01.aglt2.org","0.015",13
"lcgps01.gridpp.rl.ac.uk","repos.indiacms.res.in","0.015",12
"lcgps01.gridpp.rl.ac.uk","ps.truba.gov.tr","0.015",12
"lcgps01.gridpp.rl.ac.uk","mwt2-ps01.campuscluster.illinois.edu","0.015",11
"lcgps01.gridpp.rl.ac.uk","perfsonar2.ihep.ac.cn","0.014",13
"lcgps01.gridpp.rl.ac.uk","perfmon.dur.scotgrid.ac.uk","0.014",27
"lcgps01.gridpp.rl.ac.uk","perfsonar2-grid.uaic.ro","0.014",13
"lcgps01.gridpp.rl.ac.uk","psonar1.lal.in2p3.fr","0.014",12
"lcgps01.gridpp.rl.ac.uk","dice-io-37-00.acrc.bris.ac.uk","0.014",13
"lcgps01.gridpp.rl.ac.uk","gridpp-ps-lat.ecdf.ed.ac.uk","0.014",26
"lcgps01.gridpp.rl.ac.uk","tech-ps.hep.technion.ac.il","0.014",12
"lcgps01.gridpp.rl.ac.uk","perfsonar-owamp.accre.vanderbilt.edu","0.014",13
"lcgps01.gridpp.rl.ac.uk","t2ps-latency.physics.ox.ac.uk","0.014",25
"lcgps01.gridpp.rl.ac.uk","hepsonar2.ph.liv.ac.uk","0.014",23
"lcgps01.gridpp.rl.ac.uk","llrpsonar1.in2p3.fr","0.014",13
"lcgps01.gridpp.rl.ac.uk","perfsonar-latency.grid.pub.ro","0.014",13
"lcgps01.gridpp.rl.ac.uk","lpnhe-psl.in2p3.fr","0.013",12
"lcgps01.gridpp.rl.ac.uk","hcc-ps01.unl.edu","0.013",11
"lcgps01.gridpp.rl.ac.uk","perfsonar2.na.infn.it","0.013",11
"lcgps01.gridpp.rl.ac.uk","ps-latency.hepnetcanada.ca","0.013",13
"lcgps01.gridpp.rl.ac.uk","marperf02.in2p3.fr","0.013",13
"lcgps01.gridpp.rl.ac.uk","2001:630:58:1c20::82f6:2ff2","0.013",10
"lcgps01.gridpp.rl.ac.uk","clrperf-owamp.in2p3.fr","0.012",11
"lcgps01.gridpp.rl.ac.uk","perfsonar1.icepp.jp","0.012",11
"lcgps01.gridpp.rl.ac.uk","ps-gsdc01.sdfarm.kr","0.003",1
"lcgps01.gridpp.rl.ac.uk","lcg-lat.sfu.computecanada.ca","0.002",1
"lcgps01.gridpp.rl.ac.uk","ps-latency.lhcmon.triumf.ca","0.002",1
"lcgps01.gridpp.rl.ac.uk","psl01.pic.es","0.002",2
"lcgps01.gridpp.rl.ac.uk","psonar4.fnal.gov","0.002",1
"ccperfsonar2.in2p3.fr","perfsonar02-iep-grid.saske.sk","0.031",12
"ccperfsonar2.in2p3.fr","2001:4118:900:cc00::112","0.024",5
"ccperfsonar2.in2p3.fr","ps-gsdc01.sdfarm.kr","0.003",2
"ccperfsonar2.in2p3.fr","psonar.cis.gov.pl","0.003",3
"ccperfsonar2.in2p3.fr","perfmon.dur.scotgrid.ac.uk","0.002",3
"ccperfsonar2.in2p3.fr","clrperf-owamp.in2p3.fr","0.002",1
"ccperfsonar2.in2p3.fr","perfsonar-ps.ndgf.org","0.002",2
"ccperfsonar2.in2p3.fr","perfsonar01.cmsaf.mit.edu","0.002",1
"ccperfsonar2.in2p3.fr","perfsonar01.hep.wisc.edu","0.002",1
"ccperfsonar2.in2p3.fr","pship01.csc.fi","0.002",2
"ccperfsonar2.in2p3.fr","tau.ijs.si","0.002",1
"gridpp-ps-lat.ecdf.ed.ac.uk","perfsonar02-iep-grid.saske.sk","0.028",21
"gridpp-ps-lat.ecdf.ed.ac.uk","2001:4118:900:cc00::112","0.022",7
"gridpp-ps-lat.ecdf.ed.ac.uk","psl01.pic.es","0.003",1
"gridpp-ps-lat.ecdf.ed.ac.uk","t2ps-latency.physics.ox.ac.uk","0.003",1
"gridpp-ps-lat.ecdf.ed.ac.uk","perfmon.dur.scotgrid.ac.uk","0.003",4
"gridpp-ps-lat.ecdf.ed.ac.uk","lcgps01.gridpp.rl.ac.uk","0.002",6
"gridpp-ps-lat.ecdf.ed.ac.uk","130.246.47.242","0.002",1
"gridpp-ps-lat.ecdf.ed.ac.uk","grid-perfsonar.hpc.susx.ac.uk","0.002",1
"gridpp-ps-lat.ecdf.ed.ac.uk","heplnx129.pp.rl.ac.uk","0.002",2
"gridpp-ps-lat.ecdf.ed.ac.uk","marperf02.in2p3.fr","0.002",1
"gridpp-ps-lat.ecdf.ed.ac.uk","perfsonar1.icepp.jp","0.002",1
"gridpp-ps-lat.ecdf.ed.ac.uk","perfsonar2-de-kit.gridka.de","0.002",2
"gridpp-ps-lat.ecdf.ed.ac.uk","ps-01.lnl.infn.it","0.002",1
"gridpp-ps-lat.ecdf.ed.ac.uk","ps-londhx1.ja.net","0.002",1
"gridpp-ps-lat.ecdf.ed.ac.uk","psl.hpc.utfsm.cl","0.002",1
"perfsonar2.ihep.ac.cn","2001:4118:900:cc00::112","0.033",7
"perfsonar2.ihep.ac.cn","perfsonar02-iep-grid.saske.sk","0.032",16
"perfsonar2.ihep.ac.cn","ps-latency.lhcmon.triumf.ca","0.003",1
"perfsonar2.ihep.ac.cn","perfsonar01.hep.wisc.edu","0.003",2
"perfsonar2.ihep.ac.cn","btw-lat.grid.kiae.ru","0.002",1
"perfsonar2.ihep.ac.cn","ccperfsonar2.in2p3.fr","0.002",3
"perfsonar2.ihep.ac.cn","heplnx129.pp.rl.ac.uk","0.002",4
"perfsonar2.ihep.ac.cn","lcgps01.gridpp.rl.ac.uk","0.002",2
"perfsonar2.ihep.ac.cn","lhc-latency.twgrid.org","0.002",1
"perfsonar2.ihep.ac.cn","lhcperfmon.bnl.gov","0.002",1
"perfsonar2.ihep.ac.cn","perfsonar-2.t2.ucsd.edu","0.002",1
"perfsonar2.ihep.ac.cn","perfsonar-latency.grid.pub.ro","0.002",2
"perfsonar2.ihep.ac.cn","perfsonar-owamp.accre.vanderbilt.edu","0.002",1
"perfsonar2.ihep.ac.cn","perfsonar-ps-01.desy.de","0.002",1
"perfsonar2.ihep.ac.cn","ps0002.m45.ihep.su","0.002",3
"perfsonar2.ihep.ac.cn","psl.hpc.utfsm.cl","0.002",1
"perfsonar2.ihep.ac.cn","psl01.pic.es","0.002",1
"perfsonar2.ihep.ac.cn","psonar.cis.gov.pl","0.002",2
"perfsonar2.ihep.ac.cn","sonar2.itim-cj.ro","0.002",1
"perfsonar2.ihep.ac.cn","t2-pfsn2.jinr.ru","0.002",2
"perfsonar01.ft.uam.es","2001:4118:900:cc00::112","0.033",9
"perfsonar01.ft.uam.es","perfsonar02-iep-grid.saske.sk","0.032",14
"perfsonar01.ft.uam.es","tech-ps.hep.technion.ac.il","0.003",1
"perfsonar01.ft.uam.es","ps0002.m45.ihep.su","0.003",2
"perfsonar01.ft.uam.es","btw-lat.t1.grid.kiae.ru","0.002",2
"perfsonar01.ft.uam.es","ccperfsonar2.in2p3.fr","0.002",1
"perfsonar01.ft.uam.es","gridpp-ps-lat.ecdf.ed.ac.uk","0.002",1
"perfsonar01.ft.uam.es","heplnx129.pp.rl.ac.uk","0.002",2
"perfsonar01.ft.uam.es","hepsonar2.ph.liv.ac.uk","0.002",1
"perfsonar01.ft.uam.es","lat-utoronto.scinet.utoronto.ca","0.002",2
"perfsonar01.ft.uam.es","lcg-lat.sfu.computecanada.ca","0.002",1
"perfsonar01.ft.uam.es","lcgps01.gridpp.rl.ac.uk","0.002",1
"perfsonar01.ft.uam.es","marperf02.in2p3.fr","0.002",1
"perfsonar01.ft.uam.es","mwt2-ps01.campuscluster.illinois.edu","0.002",1
"perfsonar01.ft.uam.es","perfson1.zeuthen.desy.de","0.002",1
"perfsonar01.ft.uam.es","perfsonar01.datagrid.cea.fr","0.002",1
"perfsonar01.ft.uam.es","perfsonar2.ihep.ac.cn","0.002",1
"perfsonar01.ft.uam.es","perfsonar2.na.infn.it","0.002",1
"perfsonar01.ft.uam.es","perfsonar2.nipne.ro","0.002",1
"perfsonar01.ft.uam.es","ps1.ochep.ou.edu","0.002",1
"perfsonar01.ft.uam.es","psific01.ific.uv.es","0.002",1
"perfsonar01.ft.uam.es","psl01-gva.cern.ch","0.002",1
"perfsonar01.ft.uam.es","psl01.pic.es","0.002",1
"perfsonar01.ft.uam.es","psonar1.lal.in2p3.fr","0.002",2
"perfsonar01.ft.uam.es","psum01.aglt2.org","0.002",1
"perfsonar01.ft.uam.es","pygrid-sonar2.lancs.ac.uk","0.002",2
"perfsonar01.ft.uam.es","uct2-net1.mwt2.org","0.002",2
"uct2-net1.mwt2.org","perfsonar02-iep-grid.saske.sk","0.027",15
"uct2-net1.mwt2.org","lcgps01.gridpp.rl.ac.uk","0.002",3
"uct2-net1.mwt2.org","psmsu01.aglt2.org","0.002",9
"uct2-net1.mwt2.org","ccperfsonar2.in2p3.fr","0.002",1
"uct2-net1.mwt2.org","perfsonar01.datagrid.cea.fr","0.002",1
"uct2-net1.mwt2.org","perfsonar2.na.infn.it","0.002",1
"uct2-net1.mwt2.org","psl01.pic.es","0.002",2
"t2ps-latency.physics.ox.ac.uk","perfsonar02-iep-grid.saske.sk","0.025",19
"t2ps-latency.physics.ox.ac.uk","2001:4118:900:cc00::112","0.02",6
"t2ps-latency.physics.ox.ac.uk","lcgps01.gridpp.rl.ac.uk","0.003",5
"t2ps-latency.physics.ox.ac.uk","psonar.cis.gov.pl","0.003",1
"t2ps-latency.physics.ox.ac.uk","perfmon.dur.scotgrid.ac.uk","0.003",8
"t2ps-latency.physics.ox.ac.uk","clrperf-owamp.in2p3.fr","0.002",1
"t2ps-latency.physics.ox.ac.uk","grid-perfsonar.hpc.susx.ac.uk","0.002",1
"t2ps-latency.physics.ox.ac.uk","perfsonar-ow.cnaf.infn.it","0.002",1
"t2ps-latency.physics.ox.ac.uk","perfsonar01.lcg.cscs.ch","0.002",1
"t2ps-latency.physics.ox.ac.uk","psl.hpc.utfsm.cl","0.002",3
"t2ps-latency.physics.ox.ac.uk","psonar1.lal.in2p3.fr","0.002",1
"t2ps-latency.physics.ox.ac.uk","psum02.itep.ru","0.002",1
"t2ps-latency.physics.ox.ac.uk","tech-ps.hep.technion.ac.il","0.002",1
"psl.hpc.utfsm.cl","2001:4118:900:cc00::112","0.031",10
"psl.hpc.utfsm.cl","perfsonar02-iep-grid.saske.sk","0.029",22
"psl.hpc.utfsm.cl","ps-latency.lhcmon.triumf.ca","0.003",1
"psl.hpc.utfsm.cl","psonar1.lal.in2p3.fr","0.003",1
"psl.hpc.utfsm.cl","iut2-net1.iu.edu","0.003",2
"psl.hpc.utfsm.cl","perfson1.zeuthen.desy.de","0.003",2
"psl.hpc.utfsm.cl","ps0002.m45.ihep.su","0.003",2
"psl.hpc.utfsm.cl","uct2-net1.mwt2.org","0.003",2
"psl.hpc.utfsm.cl","t2ps-latency.physics.ox.ac.uk","0.002",3
"psl.hpc.utfsm.cl","atlas-npt1.bu.edu","0.002",2
"psl.hpc.utfsm.cl","btw-lat.grid.kiae.ru","0.002",4
"psl.hpc.utfsm.cl","btw-lat.t1.grid.kiae.ru","0.002",1
"psl.hpc.utfsm.cl","ccperfsonar2.in2p3.fr","0.002",2
"psl.hpc.utfsm.cl","clrperf-owamp.in2p3.fr","0.002",1
"psl.hpc.utfsm.cl","gridpp-ps-lat.ecdf.ed.ac.uk","0.002",2
"psl.hpc.utfsm.cl","hepsonar2.ph.liv.ac.uk","0.002",1
"psl.hpc.utfsm.cl","lat-utoronto.scinet.utoronto.ca","0.002",1
"psl.hpc.utfsm.cl","lcgps01.gridpp.rl.ac.uk","0.002",1
"psl.hpc.utfsm.cl","lhc-latency.twgrid.org","0.002",1
"psl.hpc.utfsm.cl","lhcperfmon.bnl.gov","0.002",1
"psl.hpc.utfsm.cl","llrpsonar1.in2p3.fr","0.002",2
"psl.hpc.utfsm.cl","mwt2-ps01.campuscluster.illinois.edu","0.002",1
"psl.hpc.utfsm.cl","perfsonar-latency.grid.pub.ro","0.002",1
"psl.hpc.utfsm.cl","perfsonar-ps.ndgf.org","0.002",1
"psl.hpc.utfsm.cl","perfsonar01.ft.uam.es","0.002",1
"psl.hpc.utfsm.cl","perfsonar01.lcg.cscs.ch","0.002",1
"psl.hpc.utfsm.cl","perfsonar2-de-kit.gridka.de","0.002",1
"psl.hpc.utfsm.cl","perfsonar2.ihep.ac.cn","0.002",1
"psl.hpc.utfsm.cl","perfsonar2.na.infn.it","0.002",3
"psl.hpc.utfsm.cl","perfsonar2.nipne.ro","0.002",1
"psl.hpc.utfsm.cl","ps1.ochep.ou.edu","0.002",2
"psl.hpc.utfsm.cl","psl01.pic.es","0.002",1
"psl.hpc.utfsm.cl","psum01.aglt2.org","0.002",2
"psl.hpc.utfsm.cl","psum02.itep.ru","0.002",1
"psl.hpc.utfsm.cl","sonar2.itim-cj.ro","0.002",2
"psl.hpc.utfsm.cl","tech-ps.hep.technion.ac.il","0.002",1
"perfson1.ppgrid1.rhul.ac.uk","perfsonar02-iep-grid.saske.sk","0.024",25
"perfson1.ppgrid1.rhul.ac.uk","psmsu01.aglt2.org","0.003",12
"perfson1.ppgrid1.rhul.ac.uk","psonar.cis.gov.pl","0.003",2
"perfson1.ppgrid1.rhul.ac.uk","lcgps01.gridpp.rl.ac.uk","0.002",7
"perfson1.ppgrid1.rhul.ac.uk","perfmon.dur.scotgrid.ac.uk","0.002",3
"perfson1.ppgrid1.rhul.ac.uk","ps01.cat.cbpf.br","0.002",1
"perfson1.ppgrid1.rhul.ac.uk","psl.hpc.utfsm.cl","0.002",4
"perfson1.ppgrid1.rhul.ac.uk","pygrid-sonar2.lancs.ac.uk","0.002",1
"ps-latency.atlas.unimelb.edu.au","perfsonar02-iep-grid.saske.sk","0.027",9
"ps-latency.atlas.unimelb.edu.au","psl01.pic.es","0.008",1
"ps-latency.atlas.unimelb.edu.au","lcgps01.gridpp.rl.ac.uk","0.003",4
"ps-latency.atlas.unimelb.edu.au","psmsu01.aglt2.org","0.002",8
"ps-latency.atlas.unimelb.edu.au","heplnx129.pp.rl.ac.uk","0.002",1
"ps-latency.atlas.unimelb.edu.au","perfsonar-ow.cnaf.infn.it","0.002",1
"ps-latency.atlas.unimelb.edu.au","ps-gsdc01.sdfarm.kr","0.002",1
"ps-latency.atlas.unimelb.edu.au","psnr-farm10.slac.stanford.edu","0.002",1
"ps-latency.atlas.unimelb.edu.au","psum02.itep.ru","0.002",1
"ps-latency.atlas.unimelb.edu.au","tau.ijs.si","0.002",2
"ps-latency.atlas.unimelb.edu.au","tech-ps.hep.technion.ac.il","0.002",1
"psific01.ific.uv.es","2001:4118:900:cc00::112","0.024",7
"psific01.ific.uv.es","perfsonar02-iep-grid.saske.sk","0.024",10
"psific01.ific.uv.es","lpnhe-psl.in2p3.fr","0.003",1
"psific01.ific.uv.es","atlas-npt1.bu.edu","0.003",2
"psific01.ific.uv.es","btw-lat.grid.kiae.ru","0.002",3
"psific01.ific.uv.es","btw-lat.t1.grid.kiae.ru","0.002",1
"psific01.ific.uv.es","ccperfsonar2.in2p3.fr","0.002",1
"psific01.ific.uv.es","gridpp-ps-lat.ecdf.ed.ac.uk","0.002",1
"psific01.ific.uv.es","iut2-net1.iu.edu","0.002",1
"psific01.ific.uv.es","lat-utoronto.scinet.utoronto.ca","0.002",2
"psific01.ific.uv.es","lhc-latency.twgrid.org","0.002",1
"psific01.ific.uv.es","marperf02.in2p3.fr","0.002",1
"psific01.ific.uv.es","perfson1.ppgrid1.rhul.ac.uk","0.002",1
"psific01.ific.uv.es","perfsonar-latency.grid.surfsara.nl","0.002",1
"psific01.ific.uv.es","perfsonar-ps-01.desy.de","0.002",2
"psific01.ific.uv.es","perfsonar-ps.ndgf.org","0.002",1
"psific01.ific.uv.es","perfsonar01.lcg.cscs.ch","0.002",1
"psific01.ific.uv.es","perfsonar2-de-kit.gridka.de","0.002",1
"psific01.ific.uv.es","perfsonar2-grid.uaic.ro","0.002",1
"psific01.ific.uv.es","ps-latency.atlas.unimelb.edu.au","0.002",2
"psific01.ific.uv.es","ps-latency.hepnetcanada.ca","0.002",1
"psific01.ific.uv.es","ps-latency.lhcmon.triumf.ca","0.002",1
"psific01.ific.uv.es","ps0002.m45.ihep.su","0.002",1
"psific01.ific.uv.es","psl.hpc.utfsm.cl","0.002",1
"psific01.ific.uv.es","psl01-gva.cern.ch","0.002",1
"psific01.ific.uv.es","psonar1.lal.in2p3.fr","0.002",1
"psific01.ific.uv.es","psum01.aglt2.org","0.002",1
"psific01.ific.uv.es","sonar2.itim-cj.ro","0.002",1
"psific01.ific.uv.es","t2ps-latency.physics.ox.ac.uk","0.002",1
"psific01.ific.uv.es","uct2-net1.mwt2.org","0.002",1
"perfson1.zeuthen.desy.de","perfsonar02-iep-grid.saske.sk","0.025",16
"perfson1.zeuthen.desy.de","psonar.cis.gov.pl","0.005",1
"perfson1.zeuthen.desy.de","perfsonar2.roma1.infn.it","0.003",1
"perfson1.zeuthen.desy.de","psmsu01.aglt2.org","0.003",4
"perfson1.zeuthen.desy.de","lcgps01.gridpp.rl.ac.uk","0.003",7
"perfson1.zeuthen.desy.de","perfmon.dur.scotgrid.ac.uk","0.002",3
"perfson1.zeuthen.desy.de","heplnx129.pp.rl.ac.uk","0.002",4
"perfson1.zeuthen.desy.de","btw-lat.grid.kiae.ru","0.002",1
"perfson1.zeuthen.desy.de","clrperf-owamp.in2p3.fr","0.002",2
"perfson1.zeuthen.desy.de","gridpp-ps-lat.ecdf.ed.ac.uk","0.002",1
"perfson1.zeuthen.desy.de","lhc-latency.twgrid.org","0.002",3
"perfson1.zeuthen.desy.de","perfson1.ppgrid1.rhul.ac.uk","0.002",1
"perfson1.zeuthen.desy.de","perfsonar-latency.grid.pub.ro","0.002",1
"perfson1.zeuthen.desy.de","perfsonar-latency.grid.surfsara.nl","0.002",1
"perfson1.zeuthen.desy.de","perfsonar-ps-latency.igfae.usc.es","0.002",1
"perfson1.zeuthen.desy.de","perfsonar2-de-kit.gridka.de","0.002",1
"perfson1.zeuthen.desy.de","ps-01.lnl.infn.it","0.002",1
"perfson1.zeuthen.desy.de","ps01.cat.cbpf.br","0.002",3
"perfson1.zeuthen.desy.de","psl.hpc.utfsm.cl","0.002",2
"perfson1.zeuthen.desy.de","pygrid-sonar2.lancs.ac.uk","0.002",1
"perfson1.zeuthen.desy.de","t2ps-latency.physics.ox.ac.uk","0.002",1
"ps0002.m45.ihep.su","perfsonar02-iep-grid.saske.sk","0.032",18
"ps0002.m45.ihep.su","2001:4118:900:cc00::112","0.032",11
"ps0002.m45.ihep.su","perfson1.ppgrid1.rhul.ac.uk","0.005",11
"ps0002.m45.ihep.su","perfsonar-ps-01.desy.de","0.005",10
"ps0002.m45.ihep.su","psbud01.kfki.hu","0.004",9
"ps0002.m45.ihep.su","clrperf-owamp.in2p3.fr","0.004",8
"ps0002.m45.ihep.su","perfsonar2-grid.uaic.ro","0.004",10
"ps0002.m45.ihep.su","lpnhe-psl.in2p3.fr","0.004",9
"ps0002.m45.ihep.su","perfmon.dur.scotgrid.ac.uk","0.004",9
"ps0002.m45.ihep.su","perfsonar01.datagrid.cea.fr","0.004",7
"ps0002.m45.ihep.su","repos.indiacms.res.in","0.004",10
"ps0002.m45.ihep.su","ps1.kipt.kharkov.ua","0.004",10
"ps0002.m45.ihep.su","sonar2.itim-cj.ro","0.004",11
"ps0002.m45.ihep.su","perfson1.zeuthen.desy.de","0.004",8
"ps0002.m45.ihep.su","ps.truba.gov.tr","0.004",10
"ps0002.m45.ihep.su","t2ps-latency.physics.ox.ac.uk","0.004",8
"ps0002.m45.ihep.su","perfsonar01.ft.uam.es","0.004",9
"ps0002.m45.ihep.su","llrpsonar1.in2p3.fr","0.003",11
"ps0002.m45.ihep.su","psonar1.lal.in2p3.fr","0.003",12
"ps0002.m45.ihep.su","hepsonar2.ph.liv.ac.uk","0.003",13
"ps0002.m45.ihep.su","lcgps01.gridpp.rl.ac.uk","0.003",13
"ps0002.m45.ihep.su","tech-ps.hep.technion.ac.il","0.003",12
"ps0002.m45.ihep.su","perfsonar-latency.grid.pub.ro","0.003",10
"ps0002.m45.ihep.su","psl01.pic.es","0.003",11
"ps0002.m45.ihep.su","ccperfsonar2.in2p3.fr","0.003",11
"ps0002.m45.ihep.su","heplnx129.pp.rl.ac.uk","0.003",13
"ps0002.m45.ihep.su","perfsonar2.nipne.ro","0.003",11
"ps0002.m45.ihep.su","psific01.ific.uv.es","0.003",10
"ps0002.m45.ihep.su","gridpp-ps-lat.ecdf.ed.ac.uk","0.003",10
"ps0002.m45.ihep.su","perfsonar-ps-latency.igfae.usc.es","0.003",10
"ps0002.m45.ihep.su","perfsonar2-de-kit.gridka.de","0.003",9
"ps0002.m45.ihep.su","marperf02.in2p3.fr","0.003",11
"ps0002.m45.ihep.su","perfsonar01.hep.wisc.edu","0.003",2
"ps0002.m45.ihep.su","perfsonar01.cmsaf.mit.edu","0.002",1
"ps0002.m45.ihep.su","psonar.cis.gov.pl","0.002",1
"ps0002.m45.ihep.su","pygrid-sonar2.lancs.ac.uk","0.002",2
"btw-lat.grid.kiae.ru","perfsonar02-iep-grid.saske.sk","0.035",14
"btw-lat.grid.kiae.ru","psonar.cis.gov.pl","0.007",1
"btw-lat.grid.kiae.ru","lcgps01.gridpp.rl.ac.uk","0.006",12
"btw-lat.grid.kiae.ru","perfmon.dur.scotgrid.ac.uk","0.006",11
"btw-lat.grid.kiae.ru","perfsonar01.datagrid.cea.fr","0.004",7
"btw-lat.grid.kiae.ru","psl01.pic.es","0.004",6
"btw-lat.grid.kiae.ru","psonar1.lal.in2p3.fr","0.004",7
"btw-lat.grid.kiae.ru","hepsonar2.ph.liv.ac.uk","0.004",10
"btw-lat.grid.kiae.ru","t2ps-latency.physics.ox.ac.uk","0.004",9
"btw-lat.grid.kiae.ru","heplnx129.pp.rl.ac.uk","0.004",8
"btw-lat.grid.kiae.ru","perfsonar-ps-01.desy.de","0.004",8
"btw-lat.grid.kiae.ru","llrpsonar1.in2p3.fr","0.004",11
"btw-lat.grid.kiae.ru","lpnhe-psl.in2p3.fr","0.004",8
"btw-lat.grid.kiae.ru","perfsonar01.ft.uam.es","0.003",10
"btw-lat.grid.kiae.ru","sonar2.itim-cj.ro","0.003",15
"btw-lat.grid.kiae.ru","perfsonar-ow.cnaf.infn.it","0.003",1
"btw-lat.grid.kiae.ru","perfsonar2.roma1.infn.it","0.003",1
"btw-lat.grid.kiae.ru","psific01.ific.uv.es","0.003",10
"btw-lat.grid.kiae.ru","marperf02.in2p3.fr","0.003",7
"btw-lat.grid.kiae.ru","ccperfsonar2.in2p3.fr","0.003",9
"btw-lat.grid.kiae.ru","sampaps01.if.usp.br","0.003",13
"btw-lat.grid.kiae.ru","perfsonar2-de-kit.gridka.de","0.003",11
"btw-lat.grid.kiae.ru","perfsonar2.nipne.ro","0.003",11
"btw-lat.grid.kiae.ru","perfsonar-ps-latency.igfae.usc.es","0.003",8
"btw-lat.grid.kiae.ru","perfsonar-latency.grid.pub.ro","0.003",7
"btw-lat.grid.kiae.ru","perfson1.ppgrid1.rhul.ac.uk","0.003",9
"btw-lat.grid.kiae.ru","pygrid-sonar2.lancs.ac.uk","0.003",9
"btw-lat.grid.kiae.ru","tech-ps.hep.technion.ac.il","0.003",11
"btw-lat.grid.kiae.ru","gridpp-ps-lat.ecdf.ed.ac.uk","0.003",7
"btw-lat.grid.kiae.ru","perfsonar2-grid.uaic.ro","0.003",8
"btw-lat.grid.kiae.ru","psmsu01.aglt2.org","0.003",6
"btw-lat.grid.kiae.ru","ps01.cat.cbpf.br","0.003",6
"btw-lat.grid.kiae.ru","perfson1.zeuthen.desy.de","0.002",9
"btw-lat.grid.kiae.ru","clrperf-owamp.in2p3.fr","0.002",10
"btw-lat.grid.kiae.ru","iut2-net1.iu.edu","0.002",1
"btw-lat.grid.kiae.ru","ps-latency.hepnetcanada.ca","0.002",1
"btw-lat.t1.grid.kiae.ru","perfsonar02-iep-grid.saske.sk","0.029",15
"btw-lat.t1.grid.kiae.ru","heplnx129.pp.rl.ac.uk","0.004",12
"btw-lat.t1.grid.kiae.ru","psific01.ific.uv.es","0.004",12
"btw-lat.t1.grid.kiae.ru","perfsonar2.nipne.ro","0.004",9
"btw-lat.t1.grid.kiae.ru","gridpp-ps-lat.ecdf.ed.ac.uk","0.004",12
"btw-lat.t1.grid.kiae.ru","pygrid-sonar2.lancs.ac.uk","0.004",11
"btw-lat.t1.grid.kiae.ru","ps01.cat.cbpf.br","0.004",12
"btw-lat.t1.grid.kiae.ru","t2ps-latency.physics.ox.ac.uk","0.004",11
"btw-lat.t1.grid.kiae.ru","llrpsonar1.in2p3.fr","0.004",12
"btw-lat.t1.grid.kiae.ru","perfsonar01.datagrid.cea.fr","0.004",13
"btw-lat.t1.grid.kiae.ru","sonar2.itim-cj.ro","0.004",10
"btw-lat.t1.grid.kiae.ru","sampaps01.if.usp.br","0.004",11
"btw-lat.t1.grid.kiae.ru","perfsonar2-grid.uaic.ro","0.004",11
"btw-lat.t1.grid.kiae.ru","perfmon.dur.scotgrid.ac.uk","0.004",13
"btw-lat.t1.grid.kiae.ru","perfsonar-ps-latency.igfae.usc.es","0.003",11
"btw-lat.t1.grid.kiae.ru","marperf02.in2p3.fr","0.003",9
"btw-lat.t1.grid.kiae.ru","perfson1.ppgrid1.rhul.ac.uk","0.003",8
"btw-lat.t1.grid.kiae.ru","perfsonar01.ft.uam.es","0.003",13
"btw-lat.t1.grid.kiae.ru","psonar1.lal.in2p3.fr","0.003",13
"btw-lat.t1.grid.kiae.ru","lpnhe-psl.in2p3.fr","0.003",12
"btw-lat.t1.grid.kiae.ru","psmsu01.aglt2.org","0.003",9
"btw-lat.t1.grid.kiae.ru","perfsonar-ps-01.desy.de","0.003",11
"btw-lat.t1.grid.kiae.ru","perfsonar-latency.grid.pub.ro","0.003",10
"btw-lat.t1.grid.kiae.ru","perfson1.zeuthen.desy.de","0.003",13
"btw-lat.t1.grid.kiae.ru","hepsonar2.ph.liv.ac.uk","0.003",12
"btw-lat.t1.grid.kiae.ru","tech-ps.hep.technion.ac.il","0.003",11
"btw-lat.t1.grid.kiae.ru","clrperf-owamp.in2p3.fr","0.003",10
"btw-lat.t1.grid.kiae.ru","psl01.pic.es","0.002",3
"btw-lat.t1.grid.kiae.ru","ps-01.lnl.infn.it","0.002",1
"btw-lat.t1.grid.kiae.ru","psl.hpc.utfsm.cl","0.002",1
"btw-lat.t1.grid.kiae.ru","psonar.cis.gov.pl","0.002",3
"btw-lat.t1.grid.kiae.ru","perfsonar-ps.ndgf.org","0.002",5
"perfsonar2.roma1.infn.it","2001:4118:900:cc00::112","0.029",9
"perfsonar2.roma1.infn.it","perfsonar02-iep-grid.saske.sk","0.018",8
"perfsonar2.roma1.infn.it","ps-latency.hepnetcanada.ca","0.005",1
"perfsonar2.roma1.infn.it","clrperf-owamp.in2p3.fr","0.003",1
"perfsonar2.roma1.infn.it","perfsonar-latency.grid.pub.ro","0.003",1
"perfsonar2.roma1.infn.it","psum02.itep.ru","0.003",2
"perfsonar2.roma1.infn.it","lcgps01.gridpp.rl.ac.uk","0.003",3
"perfsonar2.roma1.infn.it","perfsonar01.ft.uam.es","0.003",3
"perfsonar2.roma1.infn.it","lhcperfmon.bnl.gov","0.003",2
"perfsonar2.roma1.infn.it","sonar2.itim-cj.ro","0.003",2
"perfsonar2.roma1.infn.it","psonar1.lal.in2p3.fr","0.002",5
"perfsonar2.roma1.infn.it","mwt2-ps01.campuscluster.illinois.edu","0.002",3
"perfsonar2.roma1.infn.it","ps-latency.atlas.unimelb.edu.au","0.002",3
"perfsonar2.roma1.infn.it","psl.hpc.utfsm.cl","0.002",3
"perfsonar2.roma1.infn.it","t2ps-latency.physics.ox.ac.uk","0.002",3
"perfsonar2.roma1.infn.it","gridpp-ps-lat.ecdf.ed.ac.uk","0.002",7
"perfsonar2.roma1.infn.it","perfsonar2.cc.kek.jp","0.002",5
"perfsonar2.roma1.infn.it","uct2-net1.mwt2.org","0.002",6
"perfsonar2.roma1.infn.it","tech-ps.hep.technion.ac.il","0.002",5
"perfsonar2.roma1.infn.it","btw-lat.grid.kiae.ru","0.002",2
"perfsonar2.roma1.infn.it","btw-lat.t1.grid.kiae.ru","0.002",2
"perfsonar2.roma1.infn.it","ccperfsonar2.in2p3.fr","0.002",3
"perfsonar2.roma1.infn.it","heplnx129.pp.rl.ac.uk","0.002",3
"perfsonar2.roma1.infn.it","lat-utoronto.scinet.utoronto.ca","0.002",5
"perfsonar2.roma1.infn.it","lcg-lat.sfu.computecanada.ca","0.002",2
"perfsonar2.roma1.infn.it","lhc-latency.twgrid.org","0.002",3
"perfsonar2.roma1.infn.it","llrpsonar1.in2p3.fr","0.002",1
"perfsonar2.roma1.infn.it","lpnhe-psl.in2p3.fr","0.002",2
"perfsonar2.roma1.infn.it","marperf02.in2p3.fr","0.002",2
"perfsonar2.roma1.infn.it","perfson1.ppgrid1.rhul.ac.uk","0.002",4
"perfsonar2.roma1.infn.it","perfsonar-latency.grid.surfsara.nl","0.002",3
"perfsonar2.roma1.infn.it","perfsonar-ps-01.desy.de","0.002",1
"perfsonar2.roma1.infn.it","perfsonar-ps.ndgf.org","0.002",2
"perfsonar2.roma1.infn.it","perfsonar01.datagrid.cea.fr","0.002",1
"perfsonar2.roma1.infn.it","perfsonar01.lcg.cscs.ch","0.002",2
"perfsonar2.roma1.infn.it","perfsonar1.icepp.jp","0.002",4
"perfsonar2.roma1.infn.it","perfsonar2-grid.uaic.ro","0.002",4
"perfsonar2.roma1.infn.it","perfsonar2.ihep.ac.cn","0.002",1
"perfsonar2.roma1.infn.it","perfsonar2.na.infn.it","0.002",4
"perfsonar2.roma1.infn.it","perfsonar2.nipne.ro","0.002",2
"perfsonar2.roma1.infn.it","ps-latency.lhcmon.triumf.ca","0.002",4
"perfsonar2.roma1.infn.it","ps0002.m45.ihep.su","0.002",3
"perfsonar2.roma1.infn.it","psific01.ific.uv.es","0.002",3
"perfsonar2.roma1.infn.it","psnr-farm10.slac.stanford.edu","0.002",2
"perfsonar2.roma1.infn.it","psum01.aglt2.org","0.002",1
"perfsonar2.roma1.infn.it","pygrid-sonar2.lancs.ac.uk","0.002",2
"t1-pfsn2.jinr-t1.ru","perfsonar01.datagrid.cea.fr","0.004",13
"t1-pfsn2.jinr-t1.ru","heplnx129.pp.rl.ac.uk","0.004",11
"t1-pfsn2.jinr-t1.ru","lpnhe-psl.in2p3.fr","0.004",10
"t1-pfsn2.jinr-t1.ru","psbud01.kfki.hu","0.004",11
"t1-pfsn2.jinr-t1.ru","psonar1.lal.in2p3.fr","0.004",9
"t1-pfsn2.jinr-t1.ru","llrpsonar1.in2p3.fr","0.004",12
"t1-pfsn2.jinr-t1.ru","ps1.kipt.kharkov.ua","0.004",12
"t1-pfsn2.jinr-t1.ru","repos.indiacms.res.in","0.004",10
"t1-pfsn2.jinr-t1.ru","perfsonar01.hep.wisc.edu","0.003",1
"t1-pfsn2.jinr-t1.ru","perfsonar2.nipne.ro","0.003",13
"t1-pfsn2.jinr-t1.ru","ps-gsdc01.sdfarm.kr","0.003",2
"t1-pfsn2.jinr-t1.ru","ps.truba.gov.tr","0.003",10
"t1-pfsn2.jinr-t1.ru","perfsonar-ps-01.desy.de","0.003",13
"t1-pfsn2.jinr-t1.ru","lcgps01.gridpp.rl.ac.uk","0.002",1
"t1-pfsn2.jinr-t1.ru","lhc-latency.twgrid.org","0.002",1
"t1-pfsn2.jinr-t1.ru","perfsonar01.cmsaf.mit.edu","0.002",2
"t1-pfsn2.jinr-t1.ru","ps0002.m45.ihep.su","0.002",1
"t1-pfsn2.jinr-t1.ru","pship01.csc.fi","0.002",1
"t1-pfsn2.jinr-t1.ru","psl01-gva.cern.ch","0.002",1
"t1-pfsn2.jinr-t1.ru","psl01.pic.es","0.002",2
"t1-pfsn2.jinr-t1.ru","psonar.cis.gov.pl","0.002",1
"t1-pfsn2.jinr-t1.ru","btw-lat.t1.grid.kiae.ru","0.002",1
"t2-pfsn2.jinr.ru","lcgps01.gridpp.rl.ac.uk","0.005",10
"t2-pfsn2.jinr.ru","perfsonar2.nipne.ro","0.005",10
"t2-pfsn2.jinr.ru","ps.truba.gov.tr","0.004",11
"t2-pfsn2.jinr.ru","repos.indiacms.res.in","0.004",9
"t2-pfsn2.jinr.ru","psl01.pic.es","0.004",8
"t2-pfsn2.jinr.ru","psonar1.lal.in2p3.fr","0.003",11
"t2-pfsn2.jinr.ru","llrpsonar1.in2p3.fr","0.003",9
"t2-pfsn2.jinr.ru","ccperfsonar2.in2p3.fr","0.003",11
"t2-pfsn2.jinr.ru","psonar.cis.gov.pl","0.003",2
"t2-pfsn2.jinr.ru","lpnhe-psl.in2p3.fr","0.003",11
"t2-pfsn2.jinr.ru","heplnx129.pp.rl.ac.uk","0.003",9
"t2-pfsn2.jinr.ru","perfsonar-ps-01.desy.de","0.003",9
"t2-pfsn2.jinr.ru","ps1.kipt.kharkov.ua","0.003",6
"t2-pfsn2.jinr.ru","perfsonar01.datagrid.cea.fr","0.002",9
"t2-pfsn2.jinr.ru","psbud01.kfki.hu","0.002",9
"t2-pfsn2.jinr.ru","2a05:81c5:301:228::e597","0.002",1
"t2-pfsn2.jinr.ru","perfsonar-2.t2.ucsd.edu","0.002",1
"t2-pfsn2.jinr.ru","perfsonar01.hep.wisc.edu","0.002",1
"t2-pfsn2.jinr.ru","ps0002.m45.ihep.su","0.002",1
"2a00:fc00:e009::211","kv-core-ps1-v6.uran.net.ua","0.003",1
"psum05.aglt2.org","uct2-net1.mwt2.org","0.003",1
"dice-io-37-00.acrc.bris.ac.uk","lcgps01.gridpp.rl.ac.uk","0.003",7
"dice-io-37-00.acrc.bris.ac.uk","perfmon.dur.scotgrid.ac.uk","0.003",2
"perfmon.dur.scotgrid.ac.uk","psonar.cis.gov.pl","0.007",1
"perfmon.dur.scotgrid.ac.uk","perfsonar2.nipne.ro","0.005",2
"perfmon.dur.scotgrid.ac.uk","lcgps01.gridpp.rl.ac.uk","0.003",5
"perfmon.dur.scotgrid.ac.uk","grid-perfsonar.hpc.susx.ac.uk","0.002",1
"perfmon.dur.scotgrid.ac.uk","gridpp-ps-lat.ecdf.ed.ac.uk","0.002",2
"perfmon.dur.scotgrid.ac.uk","psl01.pic.es","0.002",2
"perfmon.dur.scotgrid.ac.uk","psonar1.lal.in2p3.fr","0.002",1
"perfsonar1.iitg.ac.in","202.13.203.129","0.003",3
"serv04.hep.phy.cam.ac.uk","perfmon.dur.scotgrid.ac.uk","0.003",7
"serv04.hep.phy.cam.ac.uk","lcgps01.gridpp.rl.ac.uk","0.003",3
"serv04.hep.phy.cam.ac.uk","gridpp-ps-lat.ecdf.ed.ac.uk","0.002",2
"serv04.hep.phy.cam.ac.uk","pygrid-sonar2.lancs.ac.uk","0.002",1
"epgperf.ph.bham.ac.uk","lcgps01.gridpp.rl.ac.uk","0.003",3
"epgperf.ph.bham.ac.uk","pygrid-sonar2.lancs.ac.uk","0.003",2
"epgperf.ph.bham.ac.uk","perfmon.dur.scotgrid.ac.uk","0.002",1
"lutps1.lunet.edu","psmsu01.aglt2.org","0.003",8
"perfsonar1.ihepa.ufl.edu","lcgps01.gridpp.rl.ac.uk","0.004",3
"perfsonar1.ihepa.ufl.edu","psonar.cis.gov.pl","0.002",3
"perfsonar1.ihepa.ufl.edu","heplnx129.pp.rl.ac.uk","0.002",1
"perfsonar1.ihepa.ufl.edu","perfsonar-lt.sprace.org.br","0.002",1
"perfsonar1.ihepa.ufl.edu","perfsonar01.cmsaf.mit.edu","0.002",1
"perfsonar1.ihepa.ufl.edu","perfsonar01.hep.wisc.edu","0.002",1
"perfsonar1.ihepa.ufl.edu","psl01.pic.es","0.002",3
"grid-perf1.physik.rwth-aachen.de","perflat.ciemat.es","0.003",1
"grid-perf1.physik.rwth-aachen.de","perfsonar1.hep.kbfi.ee","0.002",2
"perfsonar.unl.edu","hcc-ps01.unl.edu","0.003",1
"perfsonar.unl.edu","ps3.njedge.net","0.002",2
"ps-01.lnl.infn.it","pygrid-sonar2.lancs.ac.uk","0.004",2
"ps-01.lnl.infn.it","perfsonar-2.t2.ucsd.edu","0.003",1
"ps-01.lnl.infn.it","perfsonar1.ihepa.ufl.edu","0.003",3
"ps-01.lnl.infn.it","pship01.csc.fi","0.003",1
"ps-01.lnl.infn.it","psl01.pic.es","0.003",4
"ps-01.lnl.infn.it","perfmon.dur.scotgrid.ac.uk","0.003",7
"ps-01.lnl.infn.it","btw-lat.t1.grid.kiae.ru","0.003",2
"ps-01.lnl.infn.it","clrperf-owamp.in2p3.fr","0.003",2
"ps-01.lnl.infn.it","hepsonar2.ph.liv.ac.uk","0.003",4
"ps-01.lnl.infn.it","llrpsonar1.in2p3.fr","0.003",2
"ps-01.lnl.infn.it","perfson1.ppgrid1.rhul.ac.uk","0.003",2
"ps-01.lnl.infn.it","perfson1.zeuthen.desy.de","0.003",4
"ps-01.lnl.infn.it","perfsonar-ow.cnaf.infn.it","0.003",2
"ps-01.lnl.infn.it","perfsonar-owamp.accre.vanderbilt.edu","0.003",2
"ps-01.lnl.infn.it","perfsonar-ps-latency.igfae.usc.es","0.003",4
"ps-01.lnl.infn.it","perfsonar01.hep.wisc.edu","0.003",6
"ps-01.lnl.infn.it","perfsonar1.hep.kbfi.ee","0.003",4
"ps-01.lnl.infn.it","perfsonar2.cc.kek.jp","0.003",4
"ps-01.lnl.infn.it","perfsonar2.na.infn.it","0.003",2
"ps-01.lnl.infn.it","sampaps01.if.usp.br","0.003",2
"ps-01.lnl.infn.it","gridpp-ps-lat.ecdf.ed.ac.uk","0.003",4
"ps-01.lnl.infn.it","ccperfsonar2.in2p3.fr","0.002",5
"ps-01.lnl.infn.it","psum02.itep.ru","0.002",5
"ps-01.lnl.infn.it","t2-pfsn2.jinr.ru","0.002",5
"ps-01.lnl.infn.it","perfsonar2.nipne.ro","0.002",3
"ps-01.lnl.infn.it","psonar1.lal.in2p3.fr","0.002",3
"ps-01.lnl.infn.it","t1-pfsn2.jinr-t1.ru","0.002",3
"ps-01.lnl.infn.it","lcgps01.gridpp.rl.ac.uk","0.002",7
"ps-01.lnl.infn.it","heplnx129.pp.rl.ac.uk","0.002",4
"ps-01.lnl.infn.it","lpnhe-psl.in2p3.fr","0.002",4
"ps-01.lnl.infn.it","psonar4.fnal.gov","0.002",4
"ps-01.lnl.infn.it","t2ps-latency.physics.ox.ac.uk","0.002",4
"ps-01.lnl.infn.it","btw-lat.grid.kiae.ru","0.002",9
"ps-01.lnl.infn.it","perfsonar-latency.grid.surfsara.nl","0.002",6
"ps-01.lnl.infn.it","perfsonar01.lcg.cscs.ch","0.002",6
"ps-01.lnl.infn.it","ps.truba.gov.tr","0.002",9
"ps-01.lnl.infn.it","hcc-ps01.unl.edu","0.002",3
"ps-01.lnl.infn.it","marperf02.in2p3.fr","0.002",3
"ps-01.lnl.infn.it","perflat.ciemat.es","0.002",7
"ps-01.lnl.infn.it","perfsonar-ps-01.desy.de","0.002",3
"ps-01.lnl.infn.it","perfsonar01.cmsaf.mit.edu","0.002",5
"ps-01.lnl.infn.it","perfsonar01.datagrid.cea.fr","0.002",6
"ps-01.lnl.infn.it","perfsonar2.ihep.ac.cn","0.002",2
"ps-01.lnl.infn.it","ps0002.m45.ihep.su","0.002",2
"ps-01.lnl.infn.it","ps1.kipt.kharkov.ua","0.002",4
"ps-01.lnl.infn.it","psbud01.kfki.hu","0.002",6
"ps-01.lnl.infn.it","psfrascati02.lnf.infn.it","0.002",1
"ps-01.lnl.infn.it","psl01-gva.cern.ch","0.002",4
"ps-01.lnl.infn.it","psonar.cis.gov.pl","0.002",5
"ps-01.lnl.infn.it","repos.indiacms.res.in","0.002",3
"ps-01.lnl.infn.it","tech-ps.hep.technion.ac.il","0.002",2
"hcc-ps01.unl.edu","psl01.pic.es","0.003",3
"hcc-ps01.unl.edu","heplnx129.pp.rl.ac.uk","0.002",2
"hcc-ps01.unl.edu","perfsonar-lt.sprace.org.br","0.002",2
"hcc-ps01.unl.edu","perfsonar-owamp.accre.vanderbilt.edu","0.002",1
"repos.indiacms.res.in","perfsonar01.hep.wisc.edu","0.003",1
"repos.indiacms.res.in","perfsonar-2.t2.ucsd.edu","0.002",1
"repos.indiacms.res.in","pship01.csc.fi","0.002",1
"repos.indiacms.res.in","psl01.pic.es","0.002",1
"perfsonar40-otc.hnsc.otc-service.com","lcgps01.gridpp.rl.ac.uk","0.003",3
"perfsonar40-otc.hnsc.otc-service.com","ccperfsonar2.in2p3.fr","0.002",2
"perfsonar40-otc.hnsc.otc-service.com","psl01.pic.es","0.002",3
"grid-perfsonar.hpc.susx.ac.uk","perfmon.dur.scotgrid.ac.uk","0.002",7
"grid-perfsonar.hpc.susx.ac.uk","lcgps01.gridpp.rl.ac.uk","0.002",5
"grid-perfsonar.hpc.susx.ac.uk","gridpp-ps-lat.ecdf.ed.ac.uk","0.002",1
"grid-perfsonar.hpc.susx.ac.uk","ps-londhx1.ja.net","0.002",1
"ps-londhx1.ja.net","lcgps01.gridpp.rl.ac.uk","0.003",5
"ps-londhx1.ja.net","166.122.71.150","0.002",1
"ps-londhx1.ja.net","grid-perfsonar.hpc.susx.ac.uk","0.002",1
"ps-londhx1.ja.net","ifa-mko10g-tp.ps.uhnet.net","0.002",1
"ps-londhx1.ja.net","perfmon.dur.scotgrid.ac.uk","0.002",6
"ps-londhx1.ja.net","perfsonar01.jc.rl.ac.uk","0.002",1
"ps.truba.gov.tr","psonar.cis.gov.pl","0.003",2
"ps.truba.gov.tr","ccperfsonar2.in2p3.fr","0.002",3
"ps.truba.gov.tr","psl01.pic.es","0.002",5
"ps01.cat.cbpf.br","lcgps01.gridpp.rl.ac.uk","0.002",5
"ps01.cat.cbpf.br","heplnx129.pp.rl.ac.uk","0.002",1
"ps01.cat.cbpf.br","perfmon.dur.scotgrid.ac.uk","0.002",3
"ps01.cat.cbpf.br","psl01.pic.es","0.002",1
"ps01.cat.cbpf.br","sampaps01.if.usp.br","0.002",1
"tau.ijs.si","perfsonar-ps-01.desy.de","0.003",1
"tau.ijs.si","ccperfsonar2.in2p3.fr","0.002",4
"tau.ijs.si","lhcperfmon.bnl.gov","0.002",2
"tau.ijs.si","perfsonar-ow.cnaf.infn.it","0.002",3
"tau.ijs.si","perfsonar2-de-kit.gridka.de","0.002",1
"tau.ijs.si","perfsonar2.na.infn.it","0.002",1
"tau.ijs.si","ps-latency.atlas.unimelb.edu.au","0.002",2
"tau.ijs.si","ps-latency.hepnetcanada.ca","0.002",4
"tau.ijs.si","tech-ps.hep.technion.ac.il","0.002",1
"131.169.7.29","perfsonar.diamond.ac.uk","0.002",1
"159.93.229.150","t2-pfsn1.jinr.ru","0.002",1
"193.48.99.76","psl-bw.ncsa.illinois.edu","0.002",1
"213.131.25.39","202.122.32.170","0.002",2
"2a05:81c5:301:228::e597","t2-pfsn2.jinr.ru","0.002",1
"nersc-pt1.es.net","144.92.180.75","0.002",1
"perfsonar-2.t2.ucsd.edu","heplnx129.pp.rl.ac.uk","0.002",2
"perfsonar-2.t2.ucsd.edu","lcgps01.gridpp.rl.ac.uk","0.002",1
"perfsonar-2.t2.ucsd.edu","perfsonar-lt.sprace.org.br","0.002",1
"perfsonar-2.t2.ucsd.edu","perfsonar01.cmsaf.mit.edu","0.002",1
"perfsonar-2.t2.ucsd.edu","perfsonar01.datagrid.cea.fr","0.002",1
"perfsonar-2.t2.ucsd.edu","perfsonar01.hep.wisc.edu","0.002",2
"perfsonar-cms1.itns.purdue.edu","perfsonar-lt.sprace.org.br","0.002",1
"perfsonar-de-kit.gridka.de","ps-latency.hepnetcanada.ca","0.002",1
"perfsonar-ps-03.desy.de","tau.ijs.si","0.002",1
"perfsonar01.cmsaf.mit.edu","ccperfsonar2.in2p3.fr","0.002",1
"perfsonar01.cmsaf.mit.edu","heplnx129.pp.rl.ac.uk","0.002",1
"perfsonar01.cmsaf.mit.edu","lcgps01.gridpp.rl.ac.uk","0.002",5
"perfsonar01.cmsaf.mit.edu","perfsonar01.hep.wisc.edu","0.002",1
"perfsonar01.cmsaf.mit.edu","psonar.cis.gov.pl","0.002",1
"perfsonar1.hep.kbfi.ee","perflat.ciemat.es","0.002",1
"perfsonar1.hep.kbfi.ee","perfsonar01.cmsaf.mit.edu","0.002",1
"perfsonar2.cc.kek.jp","psl01.pic.es","0.002",3
"ps1.kipt.kharkov.ua","ccperfsonar2.in2p3.fr","0.002",1
"ps1.kipt.kharkov.ua","heplnx129.pp.rl.ac.uk","0.002",1
"ps1.kipt.kharkov.ua","perfsonar01.hep.wisc.edu","0.002",2
"ps1.kipt.kharkov.ua","psl01.pic.es","0.002",1
"ps1.kipt.kharkov.ua","psonar.cis.gov.pl","0.002",1
"psfrascati02.lnf.infn.it","gridpp-ps-lat.ecdf.ed.ac.uk","0.002",1
"psfrascati02.lnf.infn.it","lcgps01.gridpp.rl.ac.uk","0.002",1
"psl-bw.ncsa.illinois.edu","193.48.99.76","0.002",1
"psl01.pic.es","2001:630:58:1c20::82f6:2ff2","0.002",1
"psonar4.fnal.gov","130.246.47.242","0.002",2
"psonar4.fnal.gov","202.122.32.170","0.002",3
"sbgperfps1.in2p3.fr","ccperfsonar2.in2p3.fr","0.002",2
"psonar3.fnal.gov","osg.kans.nrp.internet2.edu","0.001",7
"psonar3.fnal.gov","osg.chic.nrp.internet2.edu","0.001",5
"psonar3.fnal.gov","osg.newy32aoa.nrp.internet2.edu","0.001",6
"psonar3.fnal.gov","perfsonar.unl.edu","0.001",3
"psonar3.fnal.gov","mwt2-ps03.campuscluster.illinois.edu","0.001",5
"psonar3.fnal.gov","fiona-r-uva.vlan7.uvalight.net","0.001",4
